{
    "LogisticRegression": {
        "accuracy": 0.8888888888888888
    },
    "MultinomialNB": {
        "accuracy": 0.5555555555555556
    }
}